,ID,title,Duration
0,1,Annapurna Explorer , 16days 
1,2,Annapurna Base Camp Trek , 12days 
2,3,Langtang Kyanjin Trek , 9days 
3,4,Annapurna Circuit Trek , 15days 
4,5,Everest Base Camp Trek , 15days 
5,6,Everest Three High Passes Trekking , 16days 
6,7,High Road To Lhasa , 15days 
7,8,Annapurna Base Camp Trek , 12days 
8,9,Manaslu Circuit Trekking , 14days 
9,10,Chitwan National Park Safari , 3days 
10,11,9 Day Everest Base Camp Trek With Chopper Return , 9days 
11,12, Everest Base Camp Trek , 12days 
12,13,Annapurna Base Camp Trek , 12days 
13,14,Everest Base Camp Trek , 11days 
14,15,7-day Ghorepani Poon Hill Trek , 7days 
15,16,Annapurna Circuit Trek  , 13days 
16,17,Everest Base Camp Trek - 16 Days , 16days 
17,18,Mera Peak Climb , 18days 
18,19,Dhampus Sarangkot (Short Annapurna Trek) , 3days 
19,20,Everest Base Camp - 3 High Passes Trek , 16days 
20,21,Everest Base Camp Trek - 12 Days , 12days 
21,22,Everest Base Camp Tour , 12days 
22,23,Annapurna Base Camp Trek - 9 Days , 9days 
23,24,Island Peak Climb With Everest Base Camp Trek , 15days 
24,25,Gokyo And Everest Base Camp Trek , 14days 
25,26,Manaslu Circuit Trek , 14days 
26,27,12-Day Everest Base Camp Trekking , 12days 
27,28,Experience Nepal , 10days 
28,29,Gokyo Lake And Everest Base Camp + Cho La Pass , 15days 
29,30,Everest Base Camp Trek , 13days 
30,31,Annapurna Base Camp Trek , 12days 
31,32,Gosainkunda Trekking  , 7days 
32,33,Everest Base Camp Trek (EBC Trek) - 12 Days , 12days 
33,34,Annapurna Circuit Trek - 15 Days , 15days 
34,35,Annapurna Sanctuary , 16days 
35,36,Kathmandu Valley Hiking , 4days 
36,37,4 Days Trek To Poon Hill , 4days 
37,38,Around Annapurna Trek , 21days 
38,39,Annapurna Circuit Trek , 14days 
39,40,Ghorepani Poonhill Trek , 5days 
40,41,Annapurna Circuit Trek , 18days 
41,42,Everest Base Camp Trek , 12days 
42,43,Ghorepani Poon Hill Sunrise Trekking , 6days 
43,44,Everest Panorama View Trek - 6 Days , 6days 
44,45,Everest Base Camp With Island Peak , 19days 
45,46,Island Peak Climbing With Everest Base Camp And Gokyo , 23days 
46,47,Langtang Valley Trek , 8days 
47,48,Nagarkot Trek (Trek In Kathmandu) , 3days 
48,49,Everest Base Camp Trek - Expedition Departures , 18days 
49,50,Island Peak Climb From Chhukung (Group Tour) , 4days 
50,51,Gokyo Renjo La Pass Trek , 12days 
51,52,Ghorepani-Poonhill-Ghandruk Trek , 7days 
52,53,Annapurna View Trek , 6days 
53,54,12 Days Gokyo Valley Trekking , 12 days 
54,55,Mardi Himal Trek , 10days 
55,56,Manaslu Circuit Trek , 19days 
56,57,Poonhill Tea House Trek 7-Days , 7days 
57,58,Ghorepani Poon Hill Trek , 5days 
58,59,Langtang Trek With Chopper Return , 5days 
59,60,Everest Base Camp With Gokyo Valley Trek , 21days 
60,61,Everest Panorama Trek , 7days 
61,62,Island Peak Climbing + Everest 3 High Passes Trek , 21days 
62,63,Everest Panorama Trek  , 9days 
63,64,Shangri-La Tour Of Tibet , 8days 
64,65,Island Peak Climbing Trek  , 15days 
65,66,Annapurna Base Camp Short Trek , 7days 
66,67,Upper Mustang Trek , 14days 
67,68,Delhi To Kathmandu , 15days 
68,69,Everest View Trek , 7days 
69,70,Ghandruk Loop Trek From Pokhara , 3days 
70,71,Gokyo Valley Trek , 10days 
71,72,Everest Base Camp Trek , 15days 
72,73,Mardi Himal Trek , 6days 
73,74,Kanchenjunga Circuit Trek , 21days 
74,75,Everest Base Camp Trek , 12days 
75,76,Annapurna Base Camp Trek , 10days 
76,77,Everest Base Camp Trek  , 12days 
77,78,Summit Mera Peak , 18days 
78,79,Everest Base Camp Trek With Chopper Return , 9days 
79,80,Nagarkot To Dhulikhel Hike (Day Hiking In Kathmandu) , 1days 
80,81,Trip To Everest Base Camp Tibet From Kathmandu , 13days 
81,82,Island Peak Climbing & Everest Base Camp Trek , 16days 
82,83,Mountain Biking On The Annapurna Circuit , 14days 
83,84,Enduro Mountain Biking Around Kathmandu , 2days 
84,85,Cycling On The Apple Brandy Trail , 5days 
85,86,Temples And Monasteries , 5hours 
86,87,Night Ride In Kathmandu , 3hours 
87,88,Morning Glory , 2hours 
88,89,Tour In Georgia 8 Days , 8days 
89,90,10 Days Everest Base Camp Trek , 10days 
90,91,Everest Base Camp & Island Peak Climb , 19days 
91,92,Everest Base Camp & Kalapatthar Trek , 15days 
92,93,Pokhara Full Day Sightseeing Tour , 1days 
93,94,Pokhara Half Day Sightseeing Tour , 4hours 
94,95,30-minute Paragliding In Pokhara , 3hours 
95,96,Sunrise View From Sarangkot , 3hours 
96,97,Everest Base Camp Trek With Chopper Return (9 Days) , 9days 
97,98,Short Annapurna Base Camp Trek , 8days 
98,99,Lang Tang Valley Trek , 8days 
99,100,Gokyo Lake Trek , 15days 
100,101,10-day Langtang Valley Trek , 10days 
101,102,03-Day Chitwan Jungle Safari Tour , 3days 
102,103,Everest Base Camp Trek , 16days 
103,104,Gokyo Valley Trek , 11days 
104,105,Annapurna Base Camp Trek , 11days 
105,106,Everest Base Camp - 3 High Passes Trek , 16days 
106,107,12-Day Annapurna Base Camp Trekking , 12days 
107,108,Langtang Valley Trek , 8days 
108,109,Annapurna Base Camp Trek , 8days 
109,110,Everest Base Camp Trek , 11days 
110,111,Everest Base Camp Trek With Island Peak Climbing , 17days 
111,112,Manaslu Trek - 12 Days , 12days 
112,113,Kolkata To Kathmandu (via Bhutan) Overland , 15days 
113,114,Annapurna Base Camp Trek , 11days 
114,115,Annapurna Base Camp Trek , 8days 
115,116,Annapurna Circuit Trek , 16days 
116,117,Walking Annapurna , 5days 
117,118,Everest & Gokyo Lakes Circuit , 19days 
118,119,Poonhill Trek , 6days 
119,120,Everest Base Camp Trekking 12 Days , 12days 
120,121,Everest & Annapurna , 31days 
121,122,Upper Mustang Trek , 12days 
122,123,Annapurna Circuit Trek , 20days 
123,124,Gokyo Renjo La Pass Trekking , 13days 
124,125,Gokyo Valley Circuit Trek  , 11days 
125,126,Upper Mustang Trek , 14days 
126,127,Manaslu - Tsum Valley Trekking , 21days 
127,128,Mera Peak Climbing Tour  , 18days 
128,129,Kanchanjunga Base Camp Trek , 25days 
129,130,Gokyo And Everest Base Camp Trek , 15days 
130,131,Highlights Of Nepal , 11days 
131,132,10-day Gosainkunda Trekking Nepal , 10days 
132,133,Joint Treks Of Langtang And Poon Hill - 12 Days , 12days 
133,134,Annapurna Base Camp Trek , 14days 
134,135,Annapurna Sanctuary Trek , 13days 
135,136,Annapurna Base Camp/PoonHill Trekking , 12days 
136,137,Poonhill Short Trek , 4days 
137,138,Mera Island & Lobuche: Three Peak Climb , 28days 
138,139,14 Day Everest Base Camp Trek , 14days 
139,140,High Passes To Everest Base Camp , 21days 
140,141,Annapurna Base Camp Trekking  , 12days 
141,142,Annapurna Panorama Trek , 9days 
142,143,Gokyo And Everest Base Camp , 16days 
143,144,Bardia National Park 5 Days/ 4 Nights , 5days 
144,145,Everest Panorama Trek , 7days 
145,146,Chulu Far East Peak Climbing , 20days 
146,147,Chulu West Peak Climb , 17days 
147,148,Mardi Himal Trekking , 8days 
148,149,Langtang Gosaikunda Trek , 13days 
149,150,Poonhill Trekking , 6days 
150,151,Annapurna Circuit , 22days 
151,152,Everest Base Camp And Three Passes Trek , 16days 
152,153,Manaslu Lodge Circuit , 18days 
153,154,Gokyo Everest Base Camp Trek , 16days 
154,155,Wonders Of India And Nepal , 29days 
155,156,Nepal 10 Days 9 Nights Sightseeing Tour Around In Nepal , 10days 
156,157,Everest Base Camp & Kalapathar Trek , 12days 
157,158,Ruby Valley Ganesh Himal Trek / Pangsang Pass , 6days 
158,159,Annapurna Circuit Trek , 21days 
159,160,Langtang Valley Trek , 10days 
160,161,Everest Base Camp Heli Trek , 9days 
161,162,Around Kathmandu Trek , 6days 
162,163,Mera Peak Climbing , 16days 
163,164,Nepal Multi Sports Adventure , 11days 
164,165,Langtang Circuit Trekking , 14days 
165,166,Everest Panorama Trekking - Private Trip , 7days 
166,167,Manaslu Trek , 14days 
167,168,Everest View Trek , 7days 
168,169,Annapurna Himalayan Trek , 10days 
169,170,Yala Peak Climbing Adventure  , 16 days 
170,171,Gokyo + Cho La Pass Trekking Adventure  , 16days 
171,172,Everest Base Camp Trek , 12days 
172,173,Annapurna Base Camp Trek , 10days 
173,174,Everest Panorama View Trek , 7days 
174,175,Island Peak Climbing From Chhukung , 3days 
175,176,Gokyo Lakes And Gokyo Ri Trek , 11days 
176,177,Glimpse Of Nepal , 8days 
177,178,Mount Everest Overland Jeep Tour - Tibet , 13days 
178,179,Everest Base Camp -Lobuche East Peak Climbing , 14days 
179,180,Everest Gokyo Lake Trek , 12days 
180,181,Manaslu-Tsum Valley Trek , 21days 
181,182,India To Nepal , 19days 
182,183,Annapurna Panorama Trek , 12days 
183,184,Annapurna Sanctuary Trek , 15days 
184,185,Island Peak With Everest Base Camp , 17days 
185,186,Makalu Basecamp Trek , 15days 
186,187,Ghorepani Poon Hill Trek , 10days 
187,188,Everest Base Camp - 3 Passes Adventure Trek , 21days 
188,189,Island Peak Climbing With Everest Base Camp Trek , 16days 
189,190,Essential India & Nepal , 16days 
190,191,Lobuche Peak With The Everest Base Camp Trek , 18days 
191,192,Manaslu Circuit Trek , 15days 
192,193,Langtang Valley Trekking  , 7days 
193,194,Annapurna Circuit Trek  , 16days 
194,195,Kathmandu To Delhi , 15days 
195,196,Manaslu Circuit Trek , 14 days 
196,197,11 Days EBC Trek Fly-out By Helicopter , 11days 
197,198,Manaslu Trek  , 14days 
198,199,Annapurna Base Camp Trek , 11days 
199,200,Annapurna Circuit Trek , 18days 
200,201,Mini Annapurna Circuit , 15days 
201,202,Annapurna Panorama - 13 Days , 13days 
202,203,Sun Kosi River Rafting , 1days 
203,204,Gosaikunda Trekking 7-Days , 7days 
204,205,Everest In Full Picture , 5days 
205,206,Inside-Out Kathmandu , 4days 
206,207,Langtang Valley Trek , 8days 
207,208,Nepal Adventure , 10days 
208,209,Kathmandu And Pokhara Tour , 5days 
209,210,Cultural Tour Of Kathmandu Valley , 6days 
210,211,Experience Nepal , 15days 
211,212,Annapurna & Chitwan In Luxury , 13days 
212,213,Langtang Trek , 10days 
213,214,Everest Base Camp Trekking , 14days 
214,215,Classic Nepal Experience , 8days 
215,216,Upper Dolpo (Dolpa) Trek , 28days 
216,217,Langtang Valley View Treks 8-Days , 8days 
217,218,Nepal And Tibet Tour , 12days 
218,219,Kanchenjunga Base Camp Trek , 20days 
219,220,Everest Base Camp & Gokyo Lakes , 19days 
220,221,Mera Peak Climbing , 20days 
221,222,1 Hour Scenic Mt. Everest Flight , 1hours 
222,223,Nar Phu Valley Trek , 9days 
223,224,Chitwan National Park Safari , 3days 
224,225,Tamang Heritage Trail Trekking  , 9days 
225,226,Helambu Culture Trek , 6days 
226,227,Dhampus Peak Climbing , 24days 
227,228,Explore Kathmandu , 6days 
228,229,Mardi Himal Trek , 9days 
229,230,Mera Peak Climbing - 15 Days , 15days 
230,231,Langtang Trek , 8days 
231,232,Short Annapurna Base Camp , 8days 
232,233,Chitwan Extension , 4days 
233,234,Tour Of Kathmandu Pokhara & Chitwan , 8days 
234,235,Chitwan National Park Safari , 3days 
235,236,Green Park Chitwan - 4 Days , 4days 
236,237,Upper Mustang - Lo Manthang Trek , 18days 
237,238,Nepal Tour 5 Night 6 Days , 6days 
238,239,Green Park Chitwan Adventure 3 Days , 3days 
239,240,Ganesh Himal Trekking Tour , 14days 
240,241,Annapurna Base Camp Tour , 12days 
241,242,Everest Three High Passes Trek , 17days 
242,243,Poon Hill Trek , 4days 
243,244,Annapurna Sanctuary , 15days 
244,245,Everest Base Camp - 3 Passes Trek , 17days 
245,246,Gokyo Lake Trek , 12days 
246,247,Kanchanjunga Trekking  , 21days 
247,248,Mohare Danda Trek , 11days 
248,249,Himalaya & Everest View Trek 3D/2N , 3days 
249,250,Upper Mustang Trek , 15days 
250,251,Kolkata To Kathmandu Overland , 16days 
251,252,Lobuche East Peak Climb With Everest Base Camp Trek , 16days 
252,253,Mera Peak 6470m , 14days 
253,254,Lumba-Sumba Trek , 20days 
254,255,Upper Dolpo , 21days 
255,256,Manaslu Trek , 20days 
256,257,Chitwan Jungle Safari - 2 Nights And 3 Days  , 3days 
257,258,Kanchenjunga Base Camp Trek , 26days 
258,259,Manaslu Trek , 15days 
259,260,Langtang Gosainkunda Trek , 12days 
260,261,Kailash Saga Dawa Festival , 21days 
261,262,Dhampus Peak Climb , 11days 
262,263,Annapurna Circuit Trek 13 Days , 13days 
263,264,Annapurna Base Camp Trek , 16days 
264,265,Mustang And High Passes Trek , 27days 
265,266,Highlights Of Nepal - 9 Days , 9days 
266,267,Annapurna Base Camp Trek And Tent Peak Climbing - 14 Days , 14days 
267,268,Essential Nepal , 9days 
268,269,Everest 3 Passes Trek , 16 days 
269,270,Tamang Heritage Trek , 7days 
270,271,Upper Dolpo Trek - Private Tour , 22days 
271,272,Manaslu Circuit Trek , 17days 
272,273,Himalayan Ways (from Kathmandu) , 6days 
273,274,Upper Dolpo Trekking , 25days 
274,275,Annapurna Circuit Trek , 13days 
275,276,Everest High Passes Trekking , 20days 
276,277,Dhaulagiri Circuit Trek , 20days 
277,278,Lobuche East Peak Climbing , 12days 
278,279,Makalu Base Camp , 15days 
279,280,Annapurna In Style , 10days 
280,281,Gokyo And Everest Base Camp , 17days 
281,282,Upper Mustang Trekking , 17days 
282,283,Everest Base Camp - Chola Pass- Gokyo Trek , 15days 
283,284,Makalu Base Camp Trek , 16days 
284,285,Short Trek In Kathmandu Valley , 5days 
285,286, Kanchenjunga Circuit Trek , 23days 
286,287,Ghorepani Poonhill Trek , 8days 
287,288,Himalaya Langtang Trek 8D/7N , 8days 
288,289,GHT - Nepal - The Full Traverse , 150days 
289,290,Journey To Mount Kailash , 20days 
290,291,Local Living Nepal , 7days 
291,292,Everest Three High Passes Trek , 17days 
292,293,Manaslu Circuit Trek 14 Days , 14days 
293,294,Rara Lake Trek  , 12days 
294,295,Makalu Base Camp Trekking , 17days 
295,296,Kathmandu To Mumbai Overland , 31days 
296,297,Gokyo And Everest Base Camp , 15days 
297,298,Langtang Valley Trek , 10days 
298,299, Langtang Tamang Heritage Trail Trekking  , 8days 
299,300,Annapurna Circuit - Private Trip , 14days 
300,301,Annapurna & Everest In Style , 18days 
301,302,Annapurna Foothills Trek 3D/2N , 3days 
302,303,Yala Peak Climbing  , 11days 
303,304,Tibetan Highlight: Lhasa Everest Base Camp Tour , 8days 
304,305,Tsum Valley Trek , 14days 
305,306,One-hour Mountain Flight Over Everest , 1hours 
306,307,Delhi To Kathmandu Adventure , 15days 
307,308,Delhi To Kathmandu On A Shoestring , 15days 
308,309,Upper Dolpo Trek , 20days 
309,310,Chitwan National Park Adventure 3D/2N , 3days 
310,311,Everest Base Camp Trek , 14days 
311,312,Chitwan National Park Adventure 3D/2N (from Kathmandu) , 3days 
312,313,Everest In Style  , 9days 
313,314,Two Peak Climbing , 20 days 
314,315,Scenic Mount Everest Helicopter Tour , 4hours 
315,316,Everest Gokyo Lake 11 Days , 11days 
316,317,Kanchenjunga Trek , 23days 
317,318,Annapurna Circuit Trek 16D/15N (From Kathmandu) , 15days 
318,319,Annapurna Poon Hill Trek 5D/4N , 5days 
319,320,Poonhill Trek , 7days 
320,321,Langtang Valley Trek , 11days 
321,322,Highlights Of India & Nepal , 19days 
322,323,Highlights Of Bhutan & Nepal - 15 Days , 15days 
323,324,Everest Base Camp Helicopter Tour - 1 Day , 1days 
324,325,Upper Mustang Trek , 15days 
325,326,Everest Panorama Trek - Private Trip , 8days 
326,327,Everest-at-a-glance Trek , 12days 
327,328,Everest Base Camp With Gokyo Valley Trek , 19days 
328,329,Delhi To Kathmandu , 15days 
329,330,Nepal Bhutan Tour , 12days 
330,331,Upper Mustang Trekking , 14days 
331,332,Mera Peak Climb , 21days 
332,333,Makalu Base Camp Trekking - Private Trip , 21days 
333,334,Nepal: Himalaya Highlights , 10days 
334,335,Everest View Luxury Lodges Trek , 16days 
335,336,Kathmandu Rim Bike Tour , 3days 
336,337,Nagarkot Trek 2 Days 1 Night , 2days 
337,338,Kathmandu Valley Day Tour , 6 hours 
338,339,Langtang Valley Trek , 11days 
339,340,Trisuli River Rafting Day Trip , 1days 
340,341,Manaslu Circuit Trek , 19days 
341,342,Annapurna Base Camp Trek , 11days 
342,343,Annapurna Circuit Trek , 15days 
343,344,Everest Base Camp - 3 Passes Trek , 19days 
344,345,Gokyo And Everest Base Camp Trek , 14days 
345,346,Annapurna Circuit , 15days 
346,347,Tamang Heritage & Langtang Valley Trek , 15days 
347,348,Everest View Trekking , 8days 
348,349,Explore Kathmandu City , 1days 
349,350,Upper Mustang Trek , 15days 
350,351,Nagarkot Day Hiking , 1days 
351,352,Everest Helicopter Tour , 4hours 
352,353,Canyoning  , 1days 
353,354,Cooking In Kathmandu , 4hours 
354,355,Annapurna Base Camp Trek , 12days 
355,356,Api Himal Exploratory , 32days 
356,357,Nepal Family Holiday With Teenagers , 11days 
357,358,Everest View Trekking , 10days 
358,359,Langtang Valley Trek , 13days 
359,360,Upper Mustang Trek , 18days 
360,361,Nepal & India Overland , 82days 
361,362,Trisuli River Rafting - Kathmandu To Pokhara , 1days 
362,363,Nepal Tibet Bhutan Tour , 17days 
363,364,Bhutan: Druk Path Trek , 12days 
364,365,Festivals Of Bhutan , 11days 
365,366,1 Hour Mountain Flight , 1hours 
366,367, Kathmandu By Night , 2-3hours 
367,368,Everest Circuit & The Cho La , 21days 
368,369,Visit The Sleeping Buddha , 6-7hours 
369,370,Sightseeing Day Tour In Kathmandu , 1hours 
370,371,Upper Seti River Rafting - Best Pokhara Day Trip , 3hours 
371,372,Explore India & Nepal , 17days 
372,373,10 Days Sunkoshi River Rafting Tour , 10days 
373,374,Honeymoon Tour In Nepal , 9days 
374,375,Nepal: Hike Bike & Raft , 12days 
375,376,Annapurna Base Camp Trek 10D/9N (from Pokhara) , 10days 
376,377,Annapurna Base Camp Trek 12D/11N (From Kathmandu) , 12days 
377,378,Kathmandu Welcome Package 3D/2N , 3days 
378,379,Nepal Adventure 8D/7N , 8days 
379,380,Highway To Himalayas - 16 Days , 16days 
380,381,Essence Of Nepal & Bhutan  , 20days 
381,382,Nepal & Bhutan Journey , 18days 
382,383,Rock & Raft Nepal , 2days 
383,384,Annapurna Base Camp Landing By Helicopter , 2hours 
384,385,Nagarjun Day Hike , 1days 
385,386,Kathmandu Day Tour , 12hours 
386,387,Vintage Nepal , 12days 
387,388,Everest Base Camp High Flyer , 14days 
388,389,Mera & Island Peak Via Amphu Labsta , 30days 
389,390,Ama Dablam Base Camp Trek , 14days 
390,391,Trek Annapurna And Everest , 15days 
391,392,Day Tour Of Kathmandu Valley , 1days 
392,393,Gokyo Lake Trekking , 15days 
393,394,Everest Base Camp Helicopter Tour , 4hours 
394,395,Nagarjun Hill Day Hike , 1days 
395,396,Classic Nepal , 11days 
396,397,1-day Kathmandu Valley Exploration , 1days 
397,398,Canyoning Day Trip , 1days 
398,399,Everest Base Camp Helicopter Tour , 4hours 
399,400,Langtang & Gosainkund Lakes Trek , 17days 
400,401,Exploring Patan And Bhaktapur: Kathmandu Valleyâ€™s Other Kingdoms , 6-7hours 
401,402,Walking Tour Of Kathmandu , 6hours 
402,403,Shivapuri Loop Bike Tour  , 7hours 
403,404,Everest Base Camp Helicopter Tour , 4hours 
404,405,Mountain Biking Adventures On The Outskirts Of Kathmandu , 4-5hours 
405,406,Tibet Uncovered , 15days 
406,407,Everest Flight , 1hours 
407,408,Spiritual Journey Of Nepal , 4-5hours 
408,409,Explore Kathmandu Like A Local , 5-6hours 
409,410,Gokyo Lake  , 11days 
410,411,Wonders Of Southern Nepal By Bicycle , 11days 
411,412,The Druk Path Trek - 12 Days , 12days 
412,413,Annapurna Nar & Tilicho Lake , 22days 
413,414,Everest High Passes , 22days 
414,415,GHT Everest & Rolwaling Traverse Via Tashi Labsta Pass , 28days 
415,416,Lobuche East & Pokalde Peak , 28days 
416,417,Kangchenjunga Base Camp , 25days 
417,418,The Kingdom Of Mustang , 16days 
418,419,Manaslu Circuit & Base Camp Trek , 20days 
419,420,Gokyo & The Renjo La , 17days 
420,421,Tamang Heritage Trail , 12days 
421,422,Mountain Bike Kathmandu To Pokhara , 11days 
422,423,Gokyo Trek , 11days 
423,424,India & Nepal Heritage  , 23days 
424,425,In Focus: Tailor-made In Kathmandu Sarangi Experience , 4hours 
425,426,Make Your Own Souvenir  , 4hours 
426,427,Cycling In Bhutan , 14days 
427,428,Durbar Square & Monkey Temple , 1day 
428,429,East Himalayan Kingdoms , 13days 
429,430,Everest Kangshung Face , 24days 
430,431,Langtang Valley View Trekking , 7days 
431,432,India & Nepal , 19days 
432,433,Kathmandu To Delhi Overland , 24days 
433,434,Sikkim Bhutan Trek , 20days 
434,435,Summit To Sea , 29days 
435,436,Nepali Meal With Local Family , 1day 
436,437,Everest Base Camp & Kala Pattar , 17days 
437,438,Annapurna Base Camp Trek , 11days 
438,439,Trekking Langtang , 15days 
439,440,Upper Mustang Trek , 14days 
440,441,Kathmandu To Delhi Adventure , 15days 
441,442,Langtang & Gosainkund Lakes , 15days 
442,443,Everest Base Camp Trek 13D/12N , 13days 
443,444,Jomsom Trek 12D/11N (from Kathmandu) , 12days 
444,445,Nepal Rafting Adventure (from Kathmandu) , 1day 
445,446,Poon Hill Trek 3D/2N , 3days 
446,447,Poon Hill Trek 5D/4N (from Kathmandu) , 5days 
447,448,Everest & Gokyo Lakes - 18 Days , 18days 
448,449,Everest Base Camp - 15 Days , 15days 
449,450,Annapurna Sanctuary Trek - 14 Days , 14days 
450,451,Cholo Expedition , 21days 
451,452,Annapurna Chitwan , 12days 
452,453,Annapurna Machapuchare , 13days 
453,454,Tharpu Chuli (Tent Peak) Expedition , 18days 
454,455,Annapurna Mountain Bike , 16days 
455,456,Annapurna Circuit , 17days 
456,457,Ultimate Annapurna Dhaulagiri , 16days 
457,458,Annapurna Trek , 10days 
458,459,Complete Annapurna , 18days 
459,460,Damodar Saribung Traverse , 23days 
460,461,Everest Base Camp & Island Peak , 22days 
461,462,Everest Family Trek , 15days 
462,463,Everest Trek , 12days 
463,464,Around Dhaulagiri Via French Pass , 18days 
464,465,GHT Kanchenjunga Exploratory , 25days 
465,466,GHT Langtang Via Tilman Pass , 18days 
466,467,GHT Manaslu & Annapurna , 26days 
467,468,GHT Makalu & Everest Traverse Via Sherpani Col , 34days 
468,469,GHT Rara Lake & Yari Valley , 26days 
469,470,GHT Upper Dolpo Traverse , 25days 
470,471,Classic Poon Hill Trek , 12days 
471,472,Nepal Family Adventure , 12days 
472,473,Nepal - Raft And Hike , 15days 
473,474,4x4 Tibet Overland Adventure 8D/7N , 8days 
474,475,Real Kathmandu To Delhi , 13days 
475,476,Epic Nepal To India , 20days 
476,477,Real Everest Base Camp , 15days 
477,478,One Week In Nepal , 8days 
478,479,Abode Of The God-Kings , 15days 
479,480,Classic Nepal , 15days 
480,481,Nepal Exposed , 10days 
481,482,Everest Base Camp , 16days 
482,483,Delhi To Kathmandu , 16days 
483,484,Nepal On A Shoestring , 8days 
484,485,Nepal Family Adventure , 14days 
485,486,Nepal Discovery , 8days 
486,487,Himalayan Kingdoms , 12days 
487,488,Lumding Valley & Teng Kangpoche Peak With Soren Kruse Ledet , 30days 
488,489,Chitwan Independent Adventure And Homestay , 4days 
489,490,Wellness Nepal , 13days 
490,491,Annapurna Circuit , 21days 
491,492,Cinque Terre Walking Holiday , 5days 
492,493,Kathmandu Valley Trek Independent Adventure , 5days 
493,494,Nepal Adventure , 4days 
494,495,Magnificent Nepal And Bhutan , 10days 
495,496,Magnificent Nepal And Bhutan , 10days 
496,497,Indias Golden Triangle With Varanasi And Nepal , 11days 
497,498,Annapurna Sanctuary , 15days 
498,499,Inside The Hidden Kingdoms , 21days 
499,500,Festivals Of Bhutan , 12days 
500,501,Delhi To Kathmandu , 17days 
501,502,Discover Nepal , 15days 
502,503,Annapurna Panorama , 13days 
503,504,'Everest Base Camp & Kala Pattar Over 55''s ', 21days 
504,505,Tamur Rafting And Trek Expedition , 11hours 
505,506,Everest Base Camp Trek , 12days 
506,507,Everest Base Camp Trek , 12days 
507,508,Annapurna Base Camp Trek , 12days 
508,509,Everest Base Camp & Kala Patthar Trek , 12days 
509,510,Annapurna Circuit Trek , 15days 
510,511,Ghorepani Poon Hill Sunrise Trek , 7days 
511,512,Everest Base Camp Trek , 15days 
512,513,Chitwan Jungle Safari , 4days 
513,514,Everest Base Camp , 15days 
514,515,Annapurna Circuit Trek , 14days 
515,516,16 Days Manaslu Circuit Trekking , 16days 
516,517,Poonhill Trek , 7days 
517,518,Manaslu Circuit Trek , 17days 
518,519,Everest Base Camp - Chola Pass- Gokyo Trek , 15days 
519,520,Everest Base Camp - 3 Passes Trek , 17days 
520,521,Ghorepani Poon Hill Trek 5 Days , 5days 
521,522,20 Days EBC 3 High Passes Trek , 20days 
522,523,14 Days Everest Base Camp Trek , 14days 
523,524,Short Everest Base Camp Trek , 10days 
524,525,Manaslu Around Trek , 19days 
525,526,Langtang Valley Trek , 8days 
526,527,Everest Base Camp Trek , 14days 
527,528,Gokyo Everest Base Camp Trek , 15days 
528,529,15 Day Annapurna Circuit Trek With Tilicho Lake , 15days 
